		$ 10,000 Gold ?	L' or à 10.000 dollars l' once ?	0-2 0-4 1-3 2-5 2-6 3-7
il	Il	SAN FRANCISCO - It has never been easy to have a rational conversation about the value of gold .	SAN FRANCISCO - REPLACE_3 n' a jamais été facile d' avoir une discussion rationnelle sur la valeur du métal jaune .	0-0 1-1 2-2 3-3 4-5 5-4 5-6 6-7 7-8 8-9 9-10 10-11 11-13 12-12 13-14 14-15 15-16 16-17 17-18 17-19 18-20
ce	c'	Lately , with gold prices up more than 300 % over the last decade , it is harder than ever .	Et aujourd' hui , alors que le cours de l' or a augmenté de 300 pour cent au cours de la dernière décennie , REPLACE_15 est plus difficile que jamais .	0-0 0-1 0-2 1-3 2-4 2-5 3-9 3-10 4-7 5-8 6-12 7-13 8-14 9-16 10-17 10-18 11-20 12-21 13-22 14-23 15-24 16-25 17-26 17-27 18-28 19-29 20-30
		Just last December , fellow economists Martin Feldstein and Nouriel Roubini each penned op-eds bravely questioning bullish market sentiment , sensibly pointing out gold 's risks .	En décembre dernier , mes collègues économistes Martin Feldstein et Nouriel Roubini ont chacun publié une tribune libre dans laquelle ils doutaient courageusement du marché haussier , soulignant de manière sensée les risques liés à l' or .	0-0 1-2 2-1 3-3 4-4 4-5 5-6 6-7 7-8 8-9 9-10 10-11 10-12 11-13 14-22 16-25 17-24 18-23 19-26 20-29 20-30 21-27 22-27 22-34 23-35 23-36 24-31 25-32 25-33 26-37
ce	ce	Wouldn 't you know it ?	Mais devinez REPLACE_4 qui s' est passé ?	0-0 0-1 1-1 2-1 3-1 4-2 4-3 4-4 5-7
		Since their articles appeared , the price of gold has moved up still further . Gold prices even hit a record-high $ 1,300 recently .	Depuis la parution de leurs articles , le cours de l' or a encore grimpé , pour atteindre récemment un plus haut historique de 1300 dollars l' once .	0-0 1-4 2-5 3-2 4-6 5-7 6-8 7-9 8-10 8-11 9-12 10-14 12-13 14-15 15-26 19-19 20-24 21-16 21-23 21-25 22-17 22-20 22-21 22-22 22-24 23-18 24-28
		Last December , many gold bugs were arguing that the price was inevitably headed for $ 2,000 .	En décembre dernier , plusieurs investisseurs dans le métal jaune estimaient que l' once atteindrait inévitablement les 2000 dollars .	0-0 0-2 1-1 2-3 3-4 4-8 5-8 5-9 5-10 6-10 7-10 8-11 9-12 10-13 11-14 12-15 13-14 14-16 15-18 16-17 17-19
		Now , emboldened by continuing appreciation , some are suggesting that gold could be headed even higher than that .	Aujourd' hui , encouragés par son appréciation constante , certains suggèrent qu' il pourrait grimper encore .	0-0 0-1 1-2 2-3 3-4 4-7 5-5 5-6 6-8 7-9 8-10 9-10 10-11 11-14 12-13 13-12 14-14 15-15 16-14 17-15 19-16
		One successful gold investor recently explained to me that stock prices languished for a more than a decade before the Dow Jones index crossed the 1,000 mark in the early 1980 's .	Un particulier qui a investi avec succès dans le métal précieux m' a récemment expliqué que les cours de la Bourse avaient stagné pendant une décennie avant que l' indice Dow Jones passe la barre des 1000 points .	0-0 1-2 2-9 3-19 4-13 5-12 5-14 6-11 7-11 8-15 9-20 10-20 11-21 11-22 12-23 13-24 16-24 17-25 18-26 18-27 19-28 20-30 21-31 21-32 22-29 23-30 23-34 24-33 24-35 25-36 27-7 28-8 32-38
		Since then , the index has climbed above 10,000 .	Depuis lors , le Dow Jones a dépassé la barre des 10.000 points .	0-0 1-1 2-2 3-3 4-5 5-6 6-7 7-7 8-11 8-12 9-13
elle	elle	Now that gold has crossed the magic $ 1,000 barrier , why can 't it increase ten-fold , too ?	Maintenant que l' or a dépassé le seuil symbolique des 1000 dollars l' once , sa valeur ne pourrait-elle pas être REPLACE_14 aussi multipliée par dix ?	0-0 1-1 2-2 2-3 3-4 4-5 5-6 6-8 7-11 8-10 9-7 10-14 11-13 12-18 13-17 13-19 14-21 15-23 16-23 16-24 16-25 17-24 18-22 19-26
il	il	Admittedly , getting to a much higher price for gold is not quite the leap of imagination that it seems .	Il faut bien admettre qu' un cours bien plus élevé de l' or n' est pas aussi fantaisiste qu' REPLACE_18 n' y paraît .	0-0 0-1 0-2 0-3 1-2 2-3 3-4 4-5 5-7 6-8 6-9 7-6 8-10 9-11 9-12 10-14 11-13 11-15 12-16 16-17 17-18 18-19 18-20 18-21 19-22 20-23
		After adjusting for inflation , today 's price is nowhere near the all-time high of January 1980 . Back then , gold hit $ 850 , or well over $ 2,000 in today 's dollars .	Après ajustement à l' inflation , le prix actuel est très loin du plus haut de janvier 1980 , où il a atteint 850 dollars l' once , soit bien plus que 2000 dollars en dollars actuels .	0-0 1-1 2-2 3-3 3-4 4-5 5-8 6-6 7-7 8-9 9-11 10-10 10-11 11-12 12-13 13-14 14-15 15-16 16-17 17-18 18-19 19-20 22-21 22-22 23-24 24-23 24-26 25-27 26-28 27-29 28-30 29-33 30-32 31-34 32-36 33-36 34-35 35-37
		But January 1980 was arguably a " freak peak " during a period of heightened geo-political instability .	Mais janvier 1980 était un pic aberrant lié à une instabilité géopolitique marquée .	0-0 1-1 2-2 3-3 5-4 6-6 7-6 7-7 8-5 9-6 10-6 10-8 11-9 15-11 15-12 16-10 17-13
		At $ 1,300 , today 's price is probably more than double very long-term , inflation-adjusted , average gold prices .	A 1300 dollars l' once , le cours actuel est sans doute plus du double du prix moyen à très long terme ajusté à l' inflation .	0-0 1-2 2-1 2-4 3-5 4-8 5-6 6-7 7-9 8-10 8-11 9-12 10-12 10-13 11-14 12-19 13-20 13-21 15-22 17-17 19-15 19-16 20-26
		So what could justify another huge increase in gold prices from here ?	A partir de là , qu' est-ce qui pourrait justifier une appréciation astronomique du cours de l' or ?	0-0 1-6 1-7 2-8 3-9 4-10 5-12 6-11 7-15 8-16 8-17 9-13 9-14 10-1 10-2 11-3 11-4 12-18
		One answer , of course , is a complete collapse of the US dollar .	Une réponse est bien sûr un effondrement complet du dollar .	0-0 1-1 3-3 4-3 4-4 6-2 7-5 8-7 9-6 10-8 11-8 12-9 13-9 14-10
		With soaring deficits , and a rudderless fiscal policy , one does wonder whether a populist administration might recklessly turn to the printing press .	Compte tenu des déficits en hausse constante et de la politique fiscale erratique du gouvernement américain , on peut se demander si une administration populiste ne pourrait être tentée à l' avenir de se tourner imprudemment vers la planche à billets .	0-0 0-1 1-2 1-4 1-5 2-3 4-7 5-9 6-12 7-11 8-10 9-16 10-17 11-18 12-19 12-20 13-21 14-22 15-24 16-23 17-25 17-26 18-27 18-28 18-33 18-35 19-34 20-36 21-37 22-38 22-39 22-40 23-38 24-41
		And if you are really worried about that , gold might indeed be the most reliable hedge .	Si l' on s' inquiète de cette possibilité , l' or pourrait en effet être la couverture la plus fiable .	0-0 1-0 1-1 2-2 3-2 3-3 4-3 5-4 6-4 6-5 7-6 7-7 8-8 9-9 9-10 10-11 11-12 11-13 12-14 13-15 14-18 15-19 16-16 17-20
		Sure , some might argue that inflation-indexed bonds offer a better and more direct inflation hedge than gold .	On peut aussi dire que les obligations indexées à l' inflation constituent une meilleure et plus directe couverture contre l' inflation que l' or .	0-0 2-2 3-1 4-3 5-4 6-5 6-7 7-6 8-7 8-11 9-12 10-13 11-14 12-15 13-16 14-19 14-20 15-17 15-18 16-21 17-22 17-23 18-24
		But gold bugs are right to worry about whether the government will honor its commitments under more extreme circumstances .	Mais les investisseurs dans le métal jaune sont en droit de se demander si le gouvernement honorera ses engagements dans des circonstances plus extrêmes .	0-0 1-5 2-5 2-6 3-7 4-9 5-10 6-11 6-12 8-13 9-14 10-15 11-16 12-16 13-17 14-18 15-19 16-22 17-20 17-23 18-21 19-24
		In fact , as Carmen Reinhart and I discuss in our recent book on the history of financial crises , This Time is Different , cash-strapped governments will often forcibly convert indexed debt to non-indexed debt , precisely so that its value might be inflated away .	En fait , comme Carmen Reinhart et moi-même l' expliquons dans notre ouvrage récemment paru sur l' histoire des crises financières , This Time is Different , les gouvernements en mal de liquidités peuvent être tentés de convertir une dette indexée en une dette non indexée de façon à ce que son montant soit résorbé par l' inflation .	0-0 1-1 2-2 3-3 4-4 5-5 6-6 7-7 8-9 9-10 10-11 11-13 12-12 12-14 13-15 14-16 15-17 16-18 17-20 18-19 19-21 20-22 21-23 22-24 23-25 24-26 25-27 25-32 26-28 27-29 29-36 30-37 31-40 32-38 32-39 33-41 34-44 34-45 35-42 35-43 36-44 37-45 38-49 39-50 40-51 41-52 42-53 43-53 44-54 44-55 44-57 46-58
		Even the United States abrogated indexation clauses in bond contracts during the Great Depression of the 1930 's .	Même les Etats-Unis ont abrogé les clauses d' indexation des obligations lors de la Grande dépression des années 1930 .	0-0 1-1 2-2 3-2 4-3 4-4 5-8 6-6 7-7 8-10 9-9 10-11 11-13 12-14 13-15 14-16 15-16 16-17 16-18 17-17 18-19
cela	Cela	So it can happen anywhere .	REPLACE_1 peut donc se produire n' importe où .	0-2 1-0 2-1 3-3 3-4 4-5 4-6 4-7 5-8
elle	elle	Even so , the fact that very high inflation is possible does not make it probable , so one should be cautious in arguing that higher gold prices are being driven by inflation expectations .	Il n' en reste pas moins que la possibilité d' une très forte inflation ne veut pas dire qu' REPLACE_14 est probable , et il faut donc faire preuve d' une certaine prudence en affirmant que l' envolée du cours de l' or est dû à des attentes inflationnistes .	0-0 1-1 2-2 3-7 4-3 5-6 6-11 7-12 8-13 9-14 9-15 10-8 11-15 12-16 13-17 14-18 14-19 15-21 16-22 17-23 18-24 18-30 19-25 20-25 20-26 20-27 21-28 21-31 21-32 22-33 23-34 24-35 25-37 26-36 26-37 26-41 26-42 27-38 27-39 28-43 30-44 31-45 32-48 33-47 34-49
OTHER	facilitent	Some have argued instead that gold 's long upward march has been partly driven by the development of new financial instruments that make it easier to trade and speculate in gold .	Certains ont même pu dire que la progression constante de cours de l' or est en partie liée à l' apparition de nouveaux instruments financiers qui REPLACE_23 la spéculation et les échanges du métal jaune .	0-0 1-1 1-3 2-4 4-5 5-12 5-13 6-6 6-11 7-7 8-6 8-7 8-8 9-7 10-14 12-15 12-16 13-17 14-18 15-19 16-20 17-21 18-22 19-24 20-23 21-25 22-26 23-26 24-26 26-30 26-31 27-29 28-28 29-32 30-33 30-34 31-35
		There is probably some slight truth - and also a certain degree of irony - to this argument .	Il y a sans doute une part de vrai - et également une certaine ironie - dans ce point de vue .	0-0 0-1 1-1 1-2 2-3 2-4 3-5 4-6 5-8 6-9 7-10 8-11 9-12 10-13 11-13 12-7 13-14 14-15 15-16 16-17 17-18 17-20 18-21
		After all , medieval alchemists engaged in what we now consider an absurd search for ways to transform base metals into gold .	Après tout , les alchimistes du Moyen Age avaient entrepris une quête , jugée absurde aujourd' hui , des possibilités de transformation des métaux peu précieux en or .	0-0 1-1 2-2 3-3 3-5 4-4 4-6 4-7 4-8 4-9 5-4 8-12 9-15 9-16 11-10 12-14 13-11 14-18 15-19 16-20 17-21 18-23 19-23 19-25 20-26 21-27 22-28
OTHER	NONE	Wouldn 't it be paradoxical , then , if financial alchemy could make an ingot of gold worth dramatically more ?	Ne serait-ce donc pas REPLACE_2 paradoxal si l' alchimie financière permettait de démultiplier énormément la valeur d' un lingot ?	0-0 0-1 1-3 2-4 4-5 6-2 8-6 9-9 10-8 11-10 12-18 13-17 14-18 15-16 16-18 17-18 18-18 19-18 20-19
		In my view , the most powerful argument to justify today 's high price of gold is the dramatic emergence of Asia , Latin America , and the Middle East into the global economy .	A mon avis , la flambée du prix du métal précieux s' explique avant tout par l' émergence de l' Asie , de l' Amérique latine et du Moyen-Orient dans l' économie mondiale .	0-0 1-1 2-2 3-3 4-4 5-14 7-13 8-15 9-12 11-6 12-5 13-7 14-8 15-9 15-10 16-11 17-16 19-17 20-18 21-19 21-20 22-21 23-25 24-23 24-24 26-26 27-27 28-28 29-28 30-29 31-30 32-32 33-31 34-33
		As legions of new consumers gain purchasing power , demand inevitably rises , driving up the price of scarce commodities .	Avec l' accroissement du pouvoir d' achat d' une multitude de nouveaux consommateurs , la demande croît inévitablement et entraîne une hausse du prix des matières premières rares .	0-0 1-9 2-10 3-11 4-12 5-2 6-3 6-5 6-6 7-4 8-13 9-14 9-15 10-17 11-16 12-18 13-19 14-20 14-21 15-22 16-23 17-24 18-27 19-25 19-26 20-28
OTHER	NONE	At the same time , emerging-market central banks need to accumulate gold reserves , which they still hold in far lower proportion than do rich-country central banks .	Dans le même temps , les banques centrales des économies émergentes doivent également accumuler des réserves en or , bien que REPLACE_15 dans une proportion moindre que leurs contreparties des pays développés .	0-0 1-1 2-2 3-3 4-4 5-5 5-8 5-9 5-10 6-7 7-6 8-11 9-12 10-13 10-14 11-16 11-17 12-15 13-18 14-20 15-21 18-22 19-19 20-23 20-25 21-24 22-26 23-28 24-27 24-28 24-29 24-30 24-31 26-31 27-32
		With the euro looking less appetizing as a diversification play away from the dollar , gold 's appeal has naturally grown .	Et maintenant que l' euro semble moins intéressant comme devise alternative au dollar , l' attrait de l' or croît naturellement .	0-0 1-3 2-4 3-5 4-6 5-7 5-9 6-8 8-10 9-9 10-1 12-11 13-12 14-13 15-14 15-17 15-18 16-14 16-16 17-15 18-19 19-20 20-19 21-21
ils OTHER	ils ,	So , yes , there are solid fundamentals that arguably support today 's higher gold price , although it is far more debatable whether and to what extent they will continue to support higher prices in the future .	Il y a donc de solides fondamentaux qui expliquent sans doute le cours élevé actuel de l' or , mais la question de savoir s' REPLACE_28 continueront à soutenir le cours à l' avenir , et dans quelle mesure REPLACE_18 reste posée .	0-0 1-3 3-34 4-1 6-5 7-6 8-7 9-8 9-9 9-10 10-11 11-14 12-15 14-16 14-17 16-18 17-19 18-39 19-40 20-21 21-22 22-21 22-23 23-24 24-35 25-36 26-37 27-38 28-25 29-26 30-26 31-27 32-28 33-13 34-12 34-30 35-31 36-32 37-33 38-42
		Indeed , another critical fundamental factor that has been sustaining high gold prices might prove far more ephemeral than globalization .	En fait , un autre facteur essentiel qui a soutenu les prix de l' or pourrait se révéler bien plus éphémère que la mondialisation .	0-0 0-1 1-2 2-3 2-4 3-6 4-6 5-5 6-7 7-8 8-9 9-9 10-10 11-13 11-14 12-11 13-15 14-16 14-17 15-18 16-19 17-20 18-21 19-22 19-23 20-24
		Gold prices are extremely sensitive to global interest-rate movements .	Le cours de l' or est extrêmement sensible aux fluctuations des taux d' intérêt mondiaux .	0-0 0-3 0-4 1-1 2-5 3-6 4-7 5-8 6-14 7-10 7-11 7-12 7-13 8-9 9-15
		After all , gold pays no interest and even costs something to store .	Après tout , l' or ne rapporte aucun intérêt et il faut même payer pour le stocker .	0-0 1-1 2-2 3-3 3-4 4-6 5-5 5-7 6-8 7-9 8-12 9-11 9-13 10-11 11-14 11-15 12-16 13-17
il	il	Today , with interest rates near or at record lows in many countries , it is relatively cheap to speculate in gold instead of investing in bonds .	Alors que les taux d' intérêt sont aujourd' hui au plus bas , REPLACE_14 est plus intéressant de spéculer sur l' or que d' investir dans des obligations .	0-0 1-1 2-1 2-2 3-5 4-3 4-4 7-7 8-11 9-10 9-11 10-9 11-10 12-16 13-12 14-13 15-14 16-15 17-18 18-17 19-18 20-19 21-20 21-21 22-21 22-22 23-23 24-24 25-25 26-26 26-27 27-28
OTHER	NONE	But if real interest rates rise significantly , as well they might someday , gold prices could plummet .	Mais si les taux d' intérêt venaient à remonter fortement , une hypothèse tout à fait REPLACE_10 envisageable , le cours de l' or pourrait plonger .	0-0 1-1 2-2 2-6 3-5 4-3 4-4 5-8 6-9 7-10 8-13 9-15 10-16 11-17 12-17 13-18 14-22 14-23 15-20 16-24 17-25 18-26
		Most economic research suggests that gold prices are very difficult to predict over the short to medium term , with the odds of gains and losses being roughly in balance .	La plupart des recherches économiques montrent que le prix de l' or est extrêmement difficile à prédire au court et moyen termes , avec des probabilités de gains et de pertes qui s' équilibrent .	0-0 0-1 1-4 2-2 2-3 3-5 4-6 5-10 5-11 6-8 7-12 8-13 9-14 10-15 11-16 12-17 13-17 14-18 15-19 16-20 17-21 18-22 19-23 20-24 21-25 22-26 23-27 24-28 25-30 26-31 26-32 27-33 29-33 30-34
il	Il	It is therefore dangerous to extrapolate from short-term trends .	REPLACE_0 est donc dangereux d' extrapoler à partir de tendances à court terme .	0-0 1-1 2-2 3-3 4-4 5-5 6-8 7-10 7-11 7-12 8-9 9-13
		Yes , gold has had a great run , but so , too , did worldwide housing prices until a couple of years ago .	Vrai , le cours de l' or a connu une belle envolée , tout comme les prix mondiaux de l' immobilier - avant qu' ils s' effondrent .	0-0 1-1 2-5 2-6 3-7 4-8 5-9 6-10 7-11 8-12 9-13 10-13 10-14 11-13 12-13 14-24 15-17 16-19 16-20 17-20 18-22 18-23 19-25 21-4 22-3 23-26 24-27
il	il	If you are a high-net-worth investor , a sovereign wealth fund , or a central bank , it makes perfect sense to hold a modest proportion of your portfolio in gold as a hedge against extreme events .	Si vous êtes très riche , un fonds souverain ou une banque centrale , REPLACE_17 est tout à fait sensé de diversifier votre portefeuille avec de l' or pour se protéger d' événements exceptionnels .	0-0 1-1 2-2 3-3 4-3 4-4 6-5 7-6 8-8 9-8 10-7 12-9 13-10 14-12 15-11 16-13 17-14 18-15 19-16 20-18 20-19 21-17 24-21 25-21 26-20 27-22 28-23 29-24 29-25 30-26 30-27 31-28 32-29 33-30 34-30 35-33 36-32 37-34
OTHER	NONE	But , despite gold 's heightened allure in the wake of an extraordinary run-up in its price , it remains a very risky bet for most of us .	Mais pour la plupart d' entre nous , REPLACE_18 le métal jaune est un pari risqué , malgré un attrait amplifié par son extraordinaire appréciation .	0-0 1-16 2-17 3-10 4-9 5-20 6-19 6-20 8-2 11-18 12-23 13-20 13-24 14-21 15-22 17-7 18-8 19-12 20-13 22-15 23-14 24-1 25-3 26-4 27-5 27-6 28-25
		Of course , such considerations might have little influence on prices .	Bien sûr , toutes ces considérations pourraient n' avoir aucune influence sur le cours de l' or .	0-0 1-1 2-2 3-3 3-4 4-5 5-6 5-7 6-8 7-9 8-10 9-11 9-12 10-13 10-16 11-17
		What was true for the alchemists of yore remains true today : gold and reason are often difficult to reconcile .	Ce qui était vrai pour les alchimistes d' antan reste vrai aujourd' hui : l' or et la raison sont parfois difficiles à concilier .	0-0 0-1 1-2 2-3 3-4 4-5 5-6 6-7 7-8 8-9 9-10 10-11 10-12 11-13 12-14 12-15 13-16 14-18 15-19 16-20 17-21 18-22 19-23 20-24
		1929 or 1989 ?	1929 ou 1989 ?	0-0 1-1 2-2 3-3
		PARIS - As the economic crisis deepens and widens , the world has been searching for historical analogies to help us understand what has been happening .	PARIS - Alors que la crise économique s' étend et s' aggrave , le monde cherche des analogies historiques pour essayer de comprendre ce qui se passe .	0-0 1-1 2-2 2-3 3-4 4-6 5-5 6-10 6-11 7-9 8-8 9-12 10-13 11-14 12-15 14-15 15-16 15-19 16-18 17-17 18-21 19-20 20-22 21-22 22-23 22-24 23-25 24-25 25-26 26-27
OTHER	le	At the start of the crisis , many people likened it to 1982 or 1973 , which was reassuring , because both dates refer to classical cyclical downturns .	Au début de la crise , beaucoup de gens faisaient REPLACE_10 rapprochement avec 1982 ou 1973 , ce qui était rassurant , car ces deux dates correspondent à des ralentissements économiques cycliques classiques .	0-0 2-1 3-2 4-3 5-4 6-5 7-6 7-7 8-8 9-9 9-11 10-10 11-12 12-13 13-14 14-15 15-16 16-17 16-18 17-19 18-20 19-21 20-22 21-23 21-24 22-25 23-26 24-27 25-32 26-31 27-29 27-30 28-33
		Today , the mood is much grimmer , with references to 1929 and 1931 beginning to abound , even if some governments continue to behave as if the crisis was more classical than exceptional .	Aujourd' hui le climat est bien plus lourd , et l' on évoque de plus en plus 1929 et 1931 , même si certains pays continuent à se comporter comme s' il s' agissait d' une crise classique et non d' un événement exceptionnel .	0-0 0-1 1-1 2-2 3-3 4-4 5-5 6-6 6-7 7-8 8-9 9-11 9-12 10-13 11-17 12-18 13-19 14-19 16-19 17-20 18-21 19-22 20-23 21-24 22-25 23-26 24-27 24-28 25-29 26-30 26-31 26-32 27-35 28-36 29-33 30-34 31-37 32-39 32-40 33-42 33-43 34-44
		The tendency is either excessive restraint ( Europe ) or a diffusion of the effort ( the United States ) .	La tendance est soit à un excès de modération soit à un effort qui s' exerce dans plusieurs directions à la fois .	0-0 1-1 2-2 3-3 4-5 4-6 5-8 6-8 8-8 9-9 11-14 12-10 13-11 14-12 16-20 17-15 19-18 20-22
		Europe is being cautious in the name of avoiding debt and defending the euro , whereas the US has moved on many fronts in order not to waste an ideal opportunity to implement badly needed structural reforms .	L' Europe se montre précautionneuse au nom de la défense de l' euro et de la lutte contre la dette , tandis que les USA agissent sur plusieurs fronts pour ne pas gaspiller une occasion idéale de mettre en œuvre des réformes structurelles indispensables .	0-0 0-1 1-2 2-3 3-4 4-5 5-5 6-6 7-7 8-16 9-18 9-19 10-13 11-9 12-11 13-12 14-20 15-21 15-22 16-23 17-24 19-25 20-26 21-27 22-28 23-29 24-29 25-30 25-31 27-32 28-33 29-35 30-34 31-36 32-37 32-38 32-39 33-43 34-43 35-42 36-41 37-44
		For geo-strategists , however , the year that naturally comes to mind , in both politics and economics , is 1989 .	Pour les géostratégistes , tant du point de vue politique qu' économique , c' est 1989 qui vient spontanément à l' esprit .	0-0 1-2 1-4 2-3 3-2 4-3 5-5 7-16 10-19 11-2 12-3 13-7 15-9 16-10 17-11 18-12 19-13 19-14 20-15 21-22
		Of course , the fall of the house of Lehman Brothers has nothing to do with the fall of the Berlin Wall .	Certes , la chute de Lehman Brothers n' a rien à voir avec la chute du mur de Berlin .	0-0 1-0 2-1 3-2 4-3 7-3 8-4 9-5 10-6 11-8 12-7 12-9 13-10 14-11 15-12 16-13 17-14 18-15 19-15 20-18 21-16 22-19
on	on	Indeed , on the surface it seems to be its perfect antithesis : the collapse of a wall symbolizing oppression and artificial divisions versus the collapse of a seemingly indestructible and reassuring institution of financial capitalism .	Au premier abord , REPLACE_5 peut y voir une antithèse : d' un coté la fin d' un mur qui symbolisait l' oppression et des divisions artificielles et de l' autre l' écroulement d' une institution apparemment indestructible et rassurante du capitalisme financier .	0-0 2-13 4-1 4-2 5-3 5-4 6-4 6-5 7-6 8-5 8-7 9-8 10-12 11-9 12-10 13-14 14-15 15-16 16-17 17-18 18-20 19-21 19-22 20-23 21-24 21-26 22-25 23-27 24-29 25-30 25-32 26-33 27-34 28-36 29-37 30-38 31-39 32-35 33-40 34-42 35-41 36-43
		Yet 2008-2009 , like 1989 , may very well correspond to an epochal change , whose unfolding consequences will be felt for decades .	Pourtant , 2008-2009 comme 1989 pourrait bien correspondre à un changement d' époque dont les conséquences vont se faire sentir durant des décennies .	0-0 0-1 1-2 2-1 3-3 4-4 6-5 7-6 8-6 9-7 10-8 11-9 12-12 13-10 15-13 16-14 17-15 18-16 19-17 19-18 20-19 21-20 22-21 22-22 23-23
		The end of the East-West ideological divide and the end of absolute faith in markets are historical turning points .	La fin du clivage idéologique Est / Ouest et la fin de la confiance absolue dans l' économie libérale constituent des tournants historiques .	0-0 1-1 2-2 3-2 4-5 4-6 4-7 5-4 6-3 7-8 8-9 9-10 10-11 11-14 12-13 13-15 14-17 15-19 16-22 17-21 18-21 19-23
		And what happens in 2009 may jeopardize some of the positive results of 1989 , including the peaceful reunification of Europe and the triumph of democratic principles over nationalist , if not xenophobic , tendencies .	Les événements de 2009 pourraient menacer les résultats positifs de 1989 , notamment la réunification pacifique de l' Europe et le triomphe des principes démocratiques sur les tendances nationalistes , voire xénophobes .	0-0 1-1 2-1 3-2 4-3 5-4 6-5 9-6 10-8 11-7 12-9 13-10 14-11 15-12 16-13 17-15 18-14 19-16 20-17 20-18 21-19 22-20 23-21 24-22 25-24 26-23 27-25 28-28 29-29 30-30 31-30 32-31 34-31 35-32
		In 1989 , liberal democracy triumphed over the socialist ideology incarnated and promoted by the Soviet Bloc .	En 1989 , la démocratie libérale l' a emporté sur l' idéologie socialiste incarnée et défendue par le bloc soviétique .	0-0 1-1 2-2 3-5 4-3 4-4 5-6 5-7 5-8 6-9 7-10 8-12 9-11 10-13 11-14 12-15 13-16 14-17 15-19 16-18 17-20
ce	c'	For many of his supporters , it was President Ronald Reagan who , with his deliberate escalation of the arms race , pushed the Soviet economy to the brink , thereby fully demonstrating the superiority of liberal societies and free markets .	Pour nombre de ses partisans , REPLACE_6 est le président Reagan avec son escalade délibérée dans la course aux armements qui a poussé l' économie soviétique au bord du précipice , faisant ainsi la preuve de la supériorité des sociétés libérales et de l' économie de marché .	0-0 1-1 2-2 3-3 4-4 5-5 6-6 7-7 8-8 8-9 9-10 10-10 11-20 13-11 14-12 15-14 16-13 17-15 18-16 19-18 19-19 20-17 21-21 22-21 22-22 23-23 24-25 25-24 26-26 27-28 28-27 28-29 29-30 30-31 30-32 31-34 32-34 33-36 34-37 35-38 36-40 37-39 38-41 39-44 40-46 41-47
		Of course , there are obvious differences between 1989 and now .	Les différences sont évidentes entre 1999 et aujourd' hui .	0-0 3-1 4-2 5-3 6-1 7-4 8-5 9-6 10-7 10-8 11-9
		First , and perhaps above all , the revolutions of 1989 and the subsequent collapse of the Soviet Union put an end to global bipolarity . By contrast , 2009 is likely to pave the way to a new form of bipolarity , but with China substituting for the Soviet Union .	Avant tout , les révolutions de 1989 et l' effondrement de l' Union soviétique auquel elles ont abouti ont mis fin à une bipolarité globale , alors que 2009 va sans doute déboucher sur une nouvelle forme de bipolarité , avec la Chine à la place de l' Union soviétique .	0-0 5-1 6-2 7-3 8-4 9-5 10-6 11-7 12-8 13-9 14-9 15-10 16-11 17-13 18-12 19-19 20-22 21-20 22-21 23-24 24-23 27-26 28-25 28-27 29-28 30-29 31-30 31-31 32-32 33-32 36-33 37-34 38-35 39-36 40-37 41-38 42-39 43-39 44-40 45-41 45-42 46-45 47-46 48-47 49-49 50-48 51-50
il	il	Second , whereas democracy and market capitalism appeared as clear - if more fragile than expected - winners in 1989 , it is difficult in 2009 , with the spread of the global crisis , to distinguish winners from losers .	D' autre part , si en 1989 la démocratie et l' économie de marché sont apparus clairement comme les gagnants ( plus fragiles qu' escomptés ) en 2009 - avec une crise qui s' étend à toute la planète - REPLACE_21 est difficile de distinguer entre gagnants et perdants .	0-0 0-1 0-2 1-3 2-4 3-7 3-8 4-9 5-13 6-15 7-14 7-15 8-17 9-16 10-20 12-21 13-22 14-23 15-24 16-25 17-18 17-19 18-5 19-6 20-39 21-40 22-41 23-42 24-26 25-27 26-28 27-29 28-30 29-33 29-34 30-35 30-36 31-37 32-38 33-31 35-43 36-44 36-45 37-46 38-46 38-47 39-48 40-49
		Everyone seems to be a loser , even if some are more affected than others .	Tout le monde semble perdant , même si certains sont plus touchés que d' autres .	0-0 0-1 0-2 1-3 2-3 3-3 5-4 6-5 7-6 8-7 9-8 10-9 11-10 12-11 13-12 14-13 14-14 15-15
		Yet , history is unfair , and the US , despite its greater responsibility for today 's global crisis , may emerge in better shape than most countries from the morass .	Mais l' Histoire est injuste et les USA , même s' ils portent une responsabilité majeure dans la crise d' aujourd' hui , pourraient s' en tirer bien mieux que la plupart des autres pays .	0-0 2-1 2-2 3-3 4-4 6-5 7-6 8-7 9-8 10-9 11-10 12-13 12-15 13-12 13-14 14-19 15-20 15-21 16-19 17-17 18-18 19-22 20-23 21-24 21-26 22-25 23-27 23-28 24-28 25-29 26-31 27-34 28-32 29-32 30-33 31-35
		In better shape , but not alone .	Ils ne seront pas les seuls .	0-0 1-2 2-2 4-1 5-3 6-4 6-5 7-6
		As a visiting professor at Harvard and MIT , I am getting a good preview of what the world could look like when the crisis finally passes .	En tant que professeur invité à Harvard et au MIT , j' ai un bon aperçu de ce à quoi pourrait ressembler le monde quand la crise sera passée .	0-0 0-1 1-1 1-2 2-4 3-3 4-5 5-6 6-7 7-8 7-9 8-10 9-11 10-12 12-13 13-14 14-15 15-16 16-17 16-19 17-22 18-23 19-20 20-21 21-21 22-24 23-25 24-26 25-27 26-28 27-29
		One senses something like the making of an American-Asian dominated universe .	On perçoit l' émergence d' un monde dominé par l' Amérique et l' Asie .	0-0 1-1 2-1 3-1 4-2 5-3 6-4 7-5 8-7 8-8 8-9 8-10 8-11 8-12 8-13 9-7 10-6 11-14
ils ils	ils ils	From the incredible media lab at MIT to the mathematics and economics departments at Harvard , Asians - Chinese and Indians , in particular - are everywhere , like the Romans in Athens in the first century BC : full of admiration for those from whom they were learning so much , and whom they would overcome in the coming decades .	De l' incroyable laboratoire des médias du MIT aux départements de mathématiques et d' économie de Harvard , les Asiatiques ( notamment des Chinois et des Indiens ) sont partout , comme les Romains à Athènes un siècle avant Jésus-Christ : plein d' admiration pour ceux dont REPLACE_46 apprennent énormément et qu' REPLACE_54 dépasseront lors des prochaines décennies .	0-0 1-1 2-2 3-5 4-3 5-6 6-7 7-8 8-8 9-11 10-12 11-13 11-14 12-9 13-15 14-16 15-17 16-18 16-19 17-20 18-23 19-24 20-26 22-21 23-21 24-27 25-28 26-29 27-30 28-31 29-32 30-33 31-34 32-35 34-36 35-38 36-37 37-39 38-40 39-41 40-42 41-43 42-44 43-45 44-22 45-46 46-47 48-48 49-49 50-49 52-50 53-51 54-52 55-53 56-53 57-54 58-55 59-56 60-57 61-58
		But before this new order appears , the world may be faced with spreading disorder , if not outright chaos .	Mais avant que n' émerge un nouvel ordre mondial , la planète risque d' être confrontée à une vague de désordre , ou peut-être même de véritable chaos .	0-0 1-1 1-2 2-5 3-6 4-7 5-4 6-9 7-10 8-11 9-12 10-14 11-15 12-16 13-20 14-20 15-21 16-22 17-23 18-24 19-26 19-27 20-28
		What , for example , will happen to a country as central and vulnerable as Egypt when hundred of thousands of Egyptians working in the Gulf are forced to return to their homeland as a result of the crisis in the oil-producing countries ?	Que va-t-il arriver par exemple pour un pays aussi central et vulnérable que l' Egypte quand les centaines de milliers d' Egyptiens qui travaillent dans le Golfe devront rentrer chez eux à cause de la crise dans les pays producteurs de pétrole ?	0-0 2-3 3-3 3-4 5-1 6-1 6-2 7-5 8-6 9-7 10-8 11-9 12-10 13-11 14-12 15-13 15-14 16-15 17-17 18-18 19-19 20-20 21-21 22-22 22-23 23-24 24-25 25-26 26-27 27-27 28-27 29-28 30-29 31-30 32-30 33-31 35-32 36-33 37-34 38-35 39-36 40-37 41-39 41-41 42-38 43-42
		When the rich get less rich , the poor get poorer .	Quand les riches deviennent moins riches , les pauvres deviennent encore plus pauvres .	0-0 1-1 2-2 3-3 4-4 5-5 6-6 7-7 8-8 9-9 10-10 10-11 10-12 11-13
		And what about the foreign workers who have reached for the " European dream " and are now faced with potential explosions of xenophobia in Europe 's supposedly open countries ?	Et que va-t-il se passer pour les travailleurs étrangers qui ont réalisé leur ampquot ; rêve européenampquot ; et risquent de se trouver confrontés à une explosion de xénophobie dans les pays d' une Europe supposée ouverte .	0-0 1-1 1-2 2-4 2-5 3-6 4-8 5-7 6-9 7-10 8-11 9-20 10-12 11-13 11-14 12-16 13-15 13-16 14-17 15-18 16-19 18-22 19-24 21-26 22-27 23-28 24-29 25-34 26-30 27-35 28-36 29-31 30-37
		The consequences of 1989 ended up being less enduring than many observers , including me , would have assumed .	Finalement , les conséquences de 1989 ont été moins durables que ce que beaucoup d' observateurs ( moi y compris ) le pensaient .	0-0 1-3 2-4 3-5 4-5 4-6 6-7 7-8 8-9 9-10 9-11 9-12 10-13 10-14 11-15 12-16 13-18 13-19 14-17 15-18 18-22 19-23
		We can only hope that , in the end , the consequences of 2009 similarly prove to be far less dramatic than we now - intuitively and in our historical reflexes - feel them to be .	Il reste à espérer que de même , les effets de 2009 seront moins dramatiques que ce que l' on peut l' imaginer pour l' instant - guidés par l' intuition et par un réflexe historique .	0-0 1-20 2-1 3-3 4-4 6-5 7-21 8-22 9-7 10-8 11-9 12-10 13-11 14-6 16-23 17-12 19-13 20-14 21-15 22-19 23-25 24-26 25-27 25-28 25-30 26-31 27-32 28-33 29-35 30-34 36-36
		9 / 11 in Perspective	Le 11 septembre en perspective	0-0 0-1 1-2 2-1 2-2 3-3 4-4
il OTHER	Il NONE	NEW YORK - It was a decade ago that 19 terrorists took control of four planes , flew two into the twin towers of the World Trade Center , hit the Pentagon with a third , and crashed the fourth in a field in Pennsylvania after passengers resisted and made it impossible for the terrorists to complete their malevolent mission .	NEW YORK - REPLACE_3 y a dix ans de cela , 19 terroristes prenaient le contrôle de quatre avions , deux desquels venaient s' écraser dans les tours jumelles du World Trade Center , tandis qu' un troisième venait frapper le Pentagone et que le dernier se crashait au milieu d' un champ de Pennsylvanie après que plusieurs passagers aient résisté et ainsi fait REPLACE_50 échec à la mission terroriste .	0-0 1-1 2-2 3-3 6-6 6-7 7-4 7-5 7-10 8-9 9-11 10-12 11-13 12-15 13-16 14-17 15-18 16-19 18-20 19-24 19-25 20-26 21-28 22-27 23-29 24-29 25-30 26-31 27-32 28-33 29-39 30-40 31-41 32-34 32-35 33-36 34-37 36-42 37-23 38-44 39-45 40-48 41-51 42-52 43-53 44-54 45-55 46-58 47-59 47-60 48-61 48-62 49-63 50-64 51-65 52-66 53-67 54-69 55-8 56-47 57-47 58-47 59-68 60-70
		In a matter of hours , more than 3,000 innocent people , mostly Americans , but also people from 115 other countries , had their lives suddenly and violently taken from them .	En quelques heures à peine , ce sont plus de 3 000 innocents , principalement américains , mais également originaires de 115 autres pays , à qui l' on ôtait la vie de manière soudaine et violente .	0-0 1-1 2-1 3-3 4-2 4-4 5-5 6-8 7-9 8-10 8-11 9-12 10-12 11-13 12-14 13-15 14-16 15-17 16-18 17-19 18-19 18-20 19-21 20-22 21-23 22-24 23-29 24-30 25-31 26-33 26-34 27-35 28-29 28-36 29-28 29-29 30-29 31-29 32-37
OTHER	sans	September 11 , 2001 , was a terrible tragedy by any measure , but it was not a historical turning point .	Le 11 septembre 2001 a été une terrible tragédie en bien des aspects , mais REPLACE_14 pour autant constituer un tournant historique .	0-0 0-2 1-1 3-3 5-4 5-5 6-6 7-7 8-8 9-9 10-11 11-12 12-13 13-14 14-15 15-16 16-15 16-17 16-18 17-19 18-21 19-20 20-20 21-22
OTHER	L'	It did not herald a new era of international relations in which terrorists with a global agenda prevailed , or in which such spectacular terrorist attacks became commonplace .	REPLACE_0 événement n' a pas engendré de nouvelle ère des relations internationales , au cours de laquelle l' agenda global terroriste aurait prévalu , ou au cours de laquelle ce genre d' attaques terroristes spectaculaires serait devenu monnaie courante .	0-0 1-2 1-3 2-4 3-5 4-6 5-7 6-8 7-9 8-11 9-10 10-13 10-14 11-16 12-20 13-15 14-17 15-19 16-18 17-21 17-22 18-23 19-24 20-25 20-26 21-28 21-29 22-30 22-31 23-34 24-33 25-32 26-35 26-36 27-37 27-38 28-39
		On the contrary , 9 / 11 has not been replicated .	Au contraire , aucun 11 septembre ne s' est reproduit .	0-0 1-1 2-1 3-2 4-5 5-5 6-4 7-6 7-7 8-6 9-8 10-9 11-10
		Despite the attention devoted to the " Global War on Terrorism , " the most important developments of the last ten years have been the introduction and spread of innovative information technologies , globalization , the wars in Iraq and Afghanistan , and the political upheavals in the Middle East .	Malgré les efforts dépensés dans la " Guerre mondiale contre le terrorisme " , les évolutions principales des dix dernières années ont été l' introduction et le déploiement de technologies de l' information innovantes , la mondialisation , les guerres en Iraq et en Afghanistan , ainsi que les bouleversements politiques au Moyen-Orient .	0-0 1-1 2-2 3-3 4-4 5-5 6-6 7-8 8-7 9-9 10-10 10-11 11-13 12-12 13-14 14-16 15-16 16-15 17-17 18-17 19-19 20-18 21-20 22-21 23-22 24-23 25-24 26-25 27-27 28-28 29-33 30-32 31-29 32-34 33-35 33-36 34-37 35-38 36-39 37-40 38-41 39-42 40-43 40-44 41-45 42-46 43-48 44-50 45-49 46-51 47-51 48-52 49-52 50-53
il	il	As for the future , it is much more likely to be defined by the United States ' need to put its economic house in order ; China 's trajectory within and beyond its borders ; and the ability of the world 's governments to cooperate on restoring economic growth , stemming the spread of nuclear weapons , and meeting energy and environmental challenges .	Quant à l' avenir , REPLACE_5 sera très probablement déterminé par la nécessité pour les États-Unis de mettre de l' ordre dans leur économie ; par la trajectoire adoptée par la Chine au sein de ses frontières et au-delà ; et par la capacité des gouvernements mondiaux à coopérer en vue de restaurer la croissance économique , d' endiguer la propagation des armes nucléaires , et de répondre aux défis énergétiques et environnementaux .	0-0 1-1 2-2 3-3 4-4 5-5 6-6 7-7 8-7 9-8 12-9 13-10 14-11 14-14 15-15 16-15 17-11 18-12 19-13 19-16 19-18 20-17 21-22 22-23 23-20 24-21 25-20 26-24 27-30 27-31 28-25 28-26 28-29 29-27 29-28 30-32 30-33 31-37 32-38 33-35 34-36 35-39 36-40 37-42 38-43 39-44 40-44 41-46 42-41 43-45 44-47 45-48 46-49 46-50 47-52 48-55 49-53 49-54 50-56 51-58 52-59 53-60 54-61 55-63 56-62 57-64 58-65 59-67 60-70 61-71 62-72 63-68 63-69 64-73
OTHER	Nous	It is and would be wrong to make opposition to terrorism the centerpiece of what responsible governments do in the world .	REPLACE_0 aurions tort de considérer la lutte contre le terrorisme comme l' objectif principal des politiques menées autour du monde par les gouvernements en charge .	0-0 3-1 4-1 5-2 6-3 7-4 8-6 9-7 10-8 10-9 11-11 12-12 12-13 12-14 12-15 12-16 12-17 13-14 13-18 14-10 15-24 16-22 17-23 18-18 19-18 20-19 21-25
		Terrorists continue to be outliers with limited appeal at best .	La démarche terroriste est désormais une aberration qui ne séduit guère plus qu' une minorité .	0-0 1-8 2-4 3-3 4-1 4-2 4-9 4-10 5-9 6-10 7-9 8-9 9-11 10-15
elle	Elle	They can destroy but not create .	REPLACE_0 entend détruire , sans rien créer .	0-0 1-1 2-2 3-4 4-5 5-6 6-7
OTHER	Notons	It is worth noting that the people who went into the streets of Cairo and Damascus calling for change were not shouting the slogans of Al Qaeda or supporting its agenda .	REPLACE_0 d' ailleurs qu' aucun slogan en faveur d' Al-Qaïda ou de son agenda n' a été scandé lors des manifestations des peuples descendus dans les rues du Caire ou de Damas pour appeler au changement .	0-0 1-2 2-1 3-2 4-3 5-21 6-22 7-23 8-23 9-24 10-25 11-26 12-27 13-28 14-29 15-31 16-33 17-32 17-34 18-35 19-15 19-16 20-14 21-17 21-18 22-19 23-5 24-8 25-8 25-9 26-9 27-10 28-7 29-12 30-13 31-36
		Moreover , measures have been implemented to push back , successfully , against terrorists .	Par ailleurs , un certain nombre de mesures ont été prises qui ont permis de faire reculer efficacement les terroristes .	0-0 0-1 1-2 2-7 3-8 4-9 5-10 6-14 6-15 7-15 7-16 8-16 10-17 13-18 13-19 14-20
		Intelligence assets have been redirected .	Les agences de renseignement se sont adaptées .	0-3 1-1 2-4 3-5 4-6 5-7
		Borders have been made more secure and societies more resilient .	Les frontières sont plus sécurisées , et les sociétés plus déterminées .	0-0 0-1 1-2 2-2 3-4 4-3 5-4 6-6 7-7 7-8 8-9 9-10 10-11
		International cooperation has increased markedly , in part because governments that cannot agree on many things can agree on the need to cooperate in this area .	La coopération internationale s' est renforcée de manière significative , et l' on note que , si bien des sujets sont de nature à diviser les chefs d' État , celui de la lutte contre le terrorisme ne peut que les rapprocher .	0-0 0-2 1-1 2-3 2-4 3-5 4-5 5-15 6-21 7-8 8-39 9-40 10-14 11-37 11-38 13-18 14-17 15-19 16-20 17-33 18-34 19-35 21-23 22-24 23-16 24-12 25-30 26-42
		Military force has played a role as well .	Les forces militaires ont bien évidemment joué un rôle .	0-0 0-2 1-1 2-3 3-6 4-7 5-8 7-4 8-9
OTHER	l'	Al Qaeda lost its base in Afghanistan when the Taliban government that had provided it sanctuary was ousted from power .	Al-Qaïda a perdu son sanctuaire afghan lorsque le gouvernement taliban qui REPLACE_14 hébergeait a été chassé du pouvoir .	0-0 1-0 2-1 2-2 3-3 4-4 6-5 7-6 8-7 9-9 10-8 11-10 12-12 13-12 14-11 15-12 16-13 16-14 17-15 18-15 18-16 19-17 20-18
		Osama bin-Laden was finally found and killed by US Special Forces in the suburbs of Islamabad .	Oussama Ben Laden a finalement été retrouvé et abattu par les forces spéciales américaines dans la banlieue d' Islamabad .	0-0 1-1 1-2 2-2 2-3 3-4 4-5 4-6 5-7 6-8 7-9 8-10 8-13 9-12 10-11 11-14 12-15 13-16 14-17 15-18 16-19
		Drones - unmanned aircraft that are remotely steered - have proven to be effective in killing a significant number of terrorists , including many of the most important leaders .	Les drones - des avions sans pilote et commandés à distance - se sont avérés efficaces dans l' élimination d' un grand nombre de terroristes , parmi lesquels beaucoup des leaders les plus importants .	0-0 0-1 1-2 2-5 2-6 3-3 3-4 4-9 6-10 7-8 8-11 9-12 9-13 10-14 12-14 13-15 14-16 15-18 16-20 17-21 18-22 19-23 20-24 21-25 22-26 22-27 23-28 24-29 25-31 26-32 27-33 28-30 29-34
		Weak governments can be made stronger ; governments that tolerate or support terrorism must be held accountable .	Il est possible de renforcer des gouvernements fragiles ; et ceux qui hébergent ou soutiennent le terrorisme doivent répondre de leurs actes .	0-6 0-7 1-6 2-2 3-1 5-4 5-5 6-8 6-9 7-10 8-11 9-12 10-13 11-14 12-15 12-16 13-17 15-18 16-20 16-21 17-22
		But progress is not to be confused with victory .	Pour autant , il ne faut pas confondre progrès et victoire .	0-0 0-1 1-8 2-4 2-5 3-6 4-5 5-5 6-7 7-7 7-9 8-10 9-11
		Terrorists and terrorism cannot be eliminated any more than we can rid the world of disease .	Les terroristes et le terrorisme ne peuvent pas plus être éradiqués que le monde ne saurait un jour être débarrassé de la maladie .	0-0 0-1 1-2 2-3 2-4 3-5 3-6 3-7 4-9 5-10 6-7 7-8 8-11 9-14 10-18 11-19 12-12 13-13 14-20 15-21 15-22 16-23
		There will always be those who will resort to force against innocent men , women , and children in pursuit of political goals .	Il y aura toujours ceux qui , dans la poursuite d' objectifs politiques , recourent à la force à l' encontre d' innocents , hommes , femmes et enfants .	0-0 0-1 1-2 2-3 4-4 5-5 6-6 7-14 8-15 9-17 10-18 10-20 11-22 12-24 13-25 14-26 15-23 16-27 17-28 18-7 19-9 20-10 21-12 22-11 23-29
		Indeed , terrorists are advancing in some areas .	En effet , le terrorisme est en progression dans un certain nombre de régions .	0-0 0-1 1-2 2-4 3-5 4-7 5-8 6-9 6-10 6-11 7-13 8-14
