-10-000-gold-.txt	
-10-000-gold-.txt	<AUTHOR name="Kenneth Rogoff"> <P>
-10-000-gold-.txt	
-10-000-gold-.txt	
-10-000-gold-.txt	<P>
-10-000-gold-.txt	
-10-000-gold-.txt	
-10-000-gold-.txt	
-10-000-gold-.txt	<P>
-10-000-gold-.txt	
-10-000-gold-.txt	
-10-000-gold-.txt	<P>
-10-000-gold-.txt	
-10-000-gold-.txt	
-10-000-gold-.txt	
-10-000-gold-.txt	
-10-000-gold-.txt	<P>
-10-000-gold-.txt	
-10-000-gold-.txt	
-10-000-gold-.txt	<P>
-10-000-gold-.txt	
-10-000-gold-.txt	
-10-000-gold-.txt	
-10-000-gold-.txt	
-10-000-gold-.txt	<P>
-10-000-gold-.txt	
-10-000-gold-.txt	<P>
-10-000-gold-.txt	
-10-000-gold-.txt	
-10-000-gold-.txt	<P>
-10-000-gold-.txt	
-10-000-gold-.txt	<P>
-10-000-gold-.txt	
-10-000-gold-.txt	<P>
-10-000-gold-.txt	<P>
-10-000-gold-.txt	
-10-000-gold-.txt	
-10-000-gold-.txt	
-10-000-gold-.txt	
-10-000-gold-.txt	<P>
-10-000-gold-.txt	
-10-000-gold-.txt	
-10-000-gold-.txt	<P>
-10-000-gold-.txt	
-10-000-gold-.txt	<P>
-10-000-gold-.txt	
1929-or-1989-.txt	
1929-or-1989-.txt	<AUTHOR name="Dominique Moisi"> <P>
1929-or-1989-.txt	
1929-or-1989-.txt	<P>
1929-or-1989-.txt	
1929-or-1989-.txt	
1929-or-1989-.txt	<P>
1929-or-1989-.txt	
1929-or-1989-.txt	
1929-or-1989-.txt	<P>
1929-or-1989-.txt	
1929-or-1989-.txt	
1929-or-1989-.txt	<P>
1929-or-1989-.txt	
1929-or-1989-.txt	<P>
1929-or-1989-.txt	
1929-or-1989-.txt	<P>
1929-or-1989-.txt	
1929-or-1989-.txt	<P>
1929-or-1989-.txt	
1929-or-1989-.txt	
1929-or-1989-.txt	<P>
1929-or-1989-.txt	
1929-or-1989-.txt	<P>
1929-or-1989-.txt	
1929-or-1989-.txt	
1929-or-1989-.txt	
1929-or-1989-.txt	<P>
1929-or-1989-.txt	
9-11-in-perspective.txt	
9-11-in-perspective.txt	<AUTHOR name="Richard N. Haass"> <P>
9-11-in-perspective.txt	
9-11-in-perspective.txt	<P>
9-11-in-perspective.txt	
9-11-in-perspective.txt	
9-11-in-perspective.txt	
9-11-in-perspective.txt	<P>
9-11-in-perspective.txt	<P>
9-11-in-perspective.txt	
9-11-in-perspective.txt	
9-11-in-perspective.txt	
9-11-in-perspective.txt	<P>
9-11-in-perspective.txt	
9-11-in-perspective.txt	
9-11-in-perspective.txt	
9-11-in-perspective.txt	<P>
9-11-in-perspective.txt	
9-11-in-perspective.txt	
9-11-in-perspective.txt	
9-11-in-perspective.txt	
9-11-in-perspective.txt	<P>
9-11-in-perspective.txt	
9-11-in-perspective.txt	
9-11-in-perspective.txt	<P>
